1	종로구	11	서울특별시	종로구 일원	11010
2	중구성동구갑	11	서울특별시	성동구 왕십리제2동;왕십리도선동;마장동;사근동;행당제1동;행당제2동;응봉동;성수1가제1동;성수1가제2동;성수2가제1동;성수2가제3동;송정동;용답동	1104052;1104071;1104054;1104055;1104056;1104057;1104058;1104065;1104066;1104067;1104068;1104069;1104070
3	중구성동구을	11	서울특별시	성동구 금호1가동;금호2·3가동;금호4가동;옥수동;중구 일원	1104059;1104072;1104062;1104073;11020
4	용산구	11	서울특별시	용산구 일원	11030
5	광진구갑	11	서울특별시	중곡제1동;중곡제2동;중곡제3동;중곡제4동;능동;구의제2동;광장동;군자동	1105055;1105056;1105057;1105058;1105059;1105061;1105063;1105054
6	광진구을	11	서울특별시	구의제1동;구의제3동;자양제1동;자양제2동;자양제3동;자양제4동;화양동	1105060;1105062;1105064;1105065;1105066;1105067;1105053
7	동대문구갑	11	서울특별시	용신동;제기동;청량리동;회기동;휘경제1동;휘경제2동;이문제1동;이문제2동	1106081;1106082;1106080;1106071;1106072;1106073;1106089;1106090
8	동대문구을	11	서울특별시	전농제1동;전농제2동;답십리제1동;답십리제2동;장안제1동;장안제2동	1106083;1106084;1106085;1106086;1106087;1106088
9	중랑구갑	11	서울특별시	면목본동;면목제2동;면목제3·8동;면목제4동;면목제5동;면목제7동;상봉제2동;망우제3동	1107071;1107052;1107072;1107054;1107055;1107057;1107060;1107068
10	중랑구을	11	서울특별시	상봉제1동;중화제1동;중화제2동;묵제1동;묵제2동;망우본동;신내제1동;신내제2동	1107059;1107061;1107062;1107064;1107065;1107073;1107069;1107070
11	성북구갑	11	서울특별시	성북동;삼선동;동선동;돈암제2동;안암동;보문동;정릉제1동;정릉제2동;정릉제3동;정릉제4동;길음제1동	1108081;1108082;1108083;1108059;1108060;1108061;1108062;1108063;1108064;1108065;1108066
12	성북구을	11	서울특별시	돈암제1동;길음제2동;종암동;월곡제1동;월곡제2동;장위제1동;장위제2동;장위제3동;석관동	1108058;1108068;1108084;1108071;1108072;1108076;1108077;1108078;1108085
13	강북구갑	11	서울특별시	번제1동;번제2동;수유제1동;수유제2동;수유제3동;우이동;인수동	1109060;1109061;1109063;1109064;1109065;1109074;1109075
14	강북구을	11	서울특별시	삼양동;미아동;송중동;송천동;삼각산동;번제3동	1109069;1109070;1109071;1109072;1109073;1109062
15	도봉구갑	11	서울특별시	쌍문1동;쌍문3동;창1동;창2동;창3동;창4동;창5동	1110051;1110053;1110059;1110060;1110061;1110062;1110063
16	도봉구을	11	서울특별시	쌍문2동;쌍문4동;방학1동;방학2동;방학3동;도봉1동;도봉2동	1110052;1110054;1110055;1110056;1110057;1110064;1110065
17	노원구갑	11	서울특별시	월계1동;월계2동;월계3동;공릉1동;공릉2동	1111051;1111052;1111053;1111079;1111056
18	노원구을	11	서울특별시	하계1동;하계2동;중계본동;중계1동;중계2·3동;중계4동;상계6·7동	1111058;1111059;1111060;1111061;1111078;1111064;1111077
19	노원구병	11	서울특별시	상계1동;상계2동;상계3·4동;상계5동;상계8동;상계9동;상계10동	1111065;1111066;1111076;1111069;1111072;1111073;1111074
20	은평구갑	11	서울특별시	녹번동;응암제1동;응암제2동;응암제3동;역촌동;신사제1동;신사제2동;증산동;수색동	1112051;1112059;1112060;1112073;1112074;1112065;1112066;1112067;1112068
21	은평구을	11	서울특별시	불광제1동;불광제2동;갈현제1동;갈현제2동;구산동;대조동;진관동	1112052;1112072;1112055;1112056;1112057;1112058;1112071
22	서대문구갑	11	서울특별시	충현동;천연동;북아현동;신촌동;연희동;홍제제1동;홍제제2동	1113073;1113052;1113074;1113075;1113076;1113062;1113065
23	서대문구을	11	서울특별시	홍제제3동;홍은제1동;홍은제2동;남가좌제1동;남가좌제2동;북가좌제1동;북가좌제2동	1113064;1113066;1113068;1113069;1113070;1113071;1113072
24	마포구갑	11	서울특별시	공덕동;아현동;도화동;용강동;대흥동;염리동;신수동	1114077;1114078;1114075;1114059;1114060;1114061;1114063
25	마포구을	11	서울특별시	서강동;서교동;합정동;망원1동;망원2동;연남동;성산1동;성산2동;상암동	1114076;1114066;1114068;1114069;1114070;1114071;1114072;1114073;1114074
26	양천구갑	11	서울특별시	목1동;목2동;목3동;목4동;목5동;신정1동;신정2동;신정6동;신정7동	1115051;1115052;1115053;1115054;1115071;1115064;1115065;1115069;1115070
27	양천구을	11	서울특별시	신월1동;신월2동;신월3동;신월4동;신월5동;신월6동;신월7동;신정3동;신정4동	1115057;1115058;1115059;1115060;1115061;1115062;1115063;1115066;1115072
28	강서구갑	11	서울특별시	화곡제1동;화곡제2동;화곡제3동;화곡제8동;발산제1동;우장산동	1116073;1116057;1116058;1116063;1116067;1116074
29	강서구을	11	서울특별시	등촌제3동;가양제1동;가양제2동;공항동;방화제1동;방화제2동;방화제3동	1116054;1116064;1116065;1116069;1116070;1116071;1116072
30	강서구병	11	서울특별시	염창동;등촌제1동;등촌제2동;화곡제4동;화곡본동;화곡제6동;가양제3동	1116051;1116052;1116053;1116059;1116055;1116061;1116066
31	구로구갑	11	서울특별시	고척제1동;고척제2동;개봉제1동;개봉제2동;개봉제3동;오류제1동;오류제2동;수궁동	1117061;1117062;1117072;1117064;1117065;1117067;1117068;1117069
32	구로구을	11	서울특별시	신도림동;구로제1동;구로제2동;구로제3동;구로제4동;구로제5동;가리봉동	1117051;1117052;1117071;1117054;1117055;1117056;1117070
33	금천구	11	서울특별시	금천구 일원	11180
34	영등포구갑	11	서울특별시	영등포본동;영등포동;당산제1동;당산제2동;도림동;문래동;양평제1동;양평제2동;신길제3동	1119073;1119074;1119055;1119056;1119075;1119076;1119061;1119062;1119065
35	영등포구을	11	서울특별시	여의동;신길제1동;신길제4동;신길제5동;신길제6동;신길제7동;대림제1동;대림제2동;대림제3동	1119054;1119063;1119066;1119067;1119068;1119069;1119070;1119071;1119072
36	동작구갑	11	서울특별시	노량진제1동;노량진제2동;상도제2동;상도제3동;상도제4동;대방동;신대방제1동;신대방제2동	1120072;1120052;1120054;1120055;1120056;1120068;1120069;1120070
37	동작구을	11	서울특별시	상도제1동;흑석동;사당제1동;사당제2동;사당제3동;사당제4동;사당제5동	1120053;1120071;1120063;1120073;1120065;1120066;1120067
38	관악구갑	11	서울특별시	보라매동;은천동;성현동;중앙동;청림동;행운동;청룡동;낙성대동;인헌동;남현동;신림동	1121052;1121078;1121079;1121061;1121054;1121057;1121080;1121058;1121062;1121063;1121069
39	관악구을	11	서울특별시	신사동;조원동;미성동;난곡동;난향동;서원동;신원동;서림동;삼성동;대학동	1121068;1121072;1121083;1121081;1121071;1121064;1121065;1121066;1121082;1121073
40	서초구갑	11	서울특별시	잠원동;반포본동;반포1동;반포2동;반포3동;반포4동;방배본동;방배1동;방배4동	1122055;1122056;1122057;1122058;1122059;1122060;1122061;1122062;1122065
41	서초구을	11	서울특별시	서초1동;서초2동;서초3동;서초4동;방배2동;방배3동;양재1동;양재2동;내곡동	1122051;1122052;1122053;1122054;1122063;1122064;1122066;1122067;1122068
42	강남구갑	11	서울특별시	신사동;논현1동;논현2동;압구정동;청담동;역삼1동;역삼2동	1123051;1123052;1123053;1123077;1123078;1123064;1123065
43	강남구을	11	서울특별시	개포1동;개포2동;개포4동;세곡동;일원본동;일원1동;일원2동;수서동	1123068;1123080;1123071;1123076;1123072;1123073;1123074;1123075
44	강남구병	11	서울특별시	삼성1동;삼성2동;대치1동;대치2동;대치4동;도곡1동;도곡2동	1123058;1123059;1123060;1123079;1123063;1123066;1123067
45	송파구갑	11	서울특별시	풍납1동;풍납2동;방이1동;방이2동;오륜동;송파1동;송파2동;잠실4동;잠실6동	1124051;1124052;1124057;1124058;1124059;1124061;1124062;1124075;1124077
46	송파구을	11	서울특별시	석촌동;삼전동;가락1동;문정2동;잠실본동;잠실2동;잠실3동;잠실7동	1124063;1124064;1124066;1124069;1124071;1124079;1124080;1124078
47	송파구병	11	서울특별시	거여1동;거여2동;마천1동;마천2동;오금동;가락본동;가락2동;문정1동;장지동;위례동	1124053;1124054;1124055;1124056;1124060;1124065;1124067;1124068;1124070;1124070
48	강동구갑	11	서울특별시	강일동;상일동;명일제1동;명일제2동;고덕제1동;고덕제2동;암사제1동;암사제2동;암사제3동;길동	1125051;1125052;1125053;1125054;1125055;1125056;1125072;1125058;1125059;1125074
49	강동구을	11	서울특별시	천호제1동;천호제2동;천호제3동;성내제1동;성내제2동;성내제3동;둔촌제1동;둔촌제2동	1125061;1125073;1125063;1125065;1125066;1125067;1125070;1125071
50	중구영도구	21	부산광역시	중구 일원;영도구 일원	21010;21040
51	서구동구	21	부산광역시	서구 일원;동구 일원	21020;21030
52	부산진구갑	21	부산광역시	부전제1동;연지동;초읍동;양정제1동;양정제2동;부암제1동;부암제3동;당감제1동;당감제2동;당감제4동	2105053;2105051;2105054;2105055;2105056;2105057;2105064;2105066;2105080;2105068;2105070
53	부산진구을	21	부산광역시	부전제2동;전포제1동;전포제2동;가야제1동;가야제2동;개금제1동;개금제2동;개금제3동;범천제1동;범천제2동	2105052;2105060;2105062;2105061;2105081;2105072;2105074;2105075;2105076;2105077;2105078;2105079
54	동래구	21	부산광역시	동래구 일원	21060
55	남구갑	21	부산광역시	대연제1동;대연제3동;대연제4동;대연제5동;대연제6동;문현제1동;문현제2동;문현제3동;문현제4동	2107070;2107053;2107054;2107055;2107056;2107066;2107067;2107068;2107069
56	남구을	21	부산광역시	용호제1동;용호제2동;용호제3동;용호제4동;용당동;감만제1동;감만제2동;우암동	2107057;2107058;2107059;2107060;2107061;2107062;2107063;2107071
57	북구강서구갑	21	부산광역시	북구 구포제1동;구포제2동;구포제3동;덕천제1동;덕천제2동;덕천제3동;만덕제1동;만덕제2동;만덕제3동	2108051;2108052;2108053;2108056;2108057;2108058;2108059;2108060;2108061
58	북구강서구을	21	부산광역시	북구 금곡동;화명제1동;화명제2동;화명제3동;강서구 일원	2108054;2108055;2108062;2108063;21120
59	해운대구갑	21	부산광역시	우제1동;우제2동;우제3동;중제1동;중제2동;좌제1동;좌제2동;좌제3동;좌제4동;송정동	2109051;2109052;2109051;2109053;2109054;2109066;2109067;2109068;2109069;2109056
60	해운대구을	21	부산광역시	반여제1동;반여제2동;반여제3동;반여제4동;반송제1동;반송제2동;재송제1동;재송제2동	2109070;2109058;2109059;2109071;2109061;2109063;2109062;2109064;2109065
61	사하구갑	21	부산광역시	괴정제1동;괴정제2동;괴정제3동;괴정제4동;당리동;하단제1동;하단제2동	2110051;2110052;2110053;2110054;2110055;2110056;2110057
62	사하구을	21	부산광역시	신평제1동;신평제2동;장림제1동;장림제2동;다대제1동;다대제2동;구평동;감천제1동;감천제2동	2110058;2110059;2110060;2110061;2110062;2110063;2110064;2110065;2110066
63	금정구	21	부산광역시	금정구 일원	21110
64	연제구	21	부산광역시	연제구 일원	21130
65	수영구	21	부산광역시	수영구 일원	21140
66	사상구	21	부산광역시	사상구 일원	21150
67	기장군	21	부산광역시	기장군 일원	21310
68	중구남구	22	대구광역시	중구 일원;남구 일원	22010;22040
69	동구갑	22	대구광역시	신암1동;신암2동;신암3동;신암4동;신암5동;신천1·2동;신천3동;신천4동;효목1동;효목2동;지저동;동촌동	2202051;2202052;2202053;2202054;2202055;2202056;2202058;2202059;2202060;2202061;2202065;2202066
70	동구을	22	대구광역시	도평동;불로·봉무동;방촌동;해안동;안심1동;안심2동;안심3·4동;공산동	2202062;2202063;2202068;2202069;2202073;2202074;2202075;2202071
71	서구	22	대구광역시	서구 일원	22030
72	북구갑	22	대구광역시	고성동;칠성동;침산1동;침산2동;침산3동;산격1동;산격2동;산격3동;산격4동;대현동;복현1동;복현2동;검단동;노원동	2205051;2205052;2205055;2205056;2205057;2205061;2205062;2205063;2205064;2205084;2205065;2205066;2205070;2205081
73	북구을	22	대구광역시	무태조야동;관문동;태전1동;태전2동;구암동;관음동;읍내동;동천동;국우동	2205071;2205075;2205078;2205074;2205079;2205077;2205076;2205082;2205083
74	수성구갑	22	대구광역시	범어1동;범어2동;범어3동;범어4동;만촌1동;만촌2동;만촌3동;황금1동;황금2동;고산1동;고산2동;고산3동	2206051;2206052;2206053;2206054;2206055;2206056;2206057;2206061;2206062;2206071;2206072;2206073
75	수성구을	22	대구광역시	수성1가동;수성2·3가동;수성4가동;중동;상동;파동;두산동;지산1동;지산2동;범물1동;범물2동	2206058;2206059;2206060;2206063;2206064;2206065;2206066;2206067;2206068;2206069;2206070
76	달서구갑	22	대구광역시	죽전동;장기동;용산1동;용산2동;이곡1동;이곡2동;신당동	2207058;2207059;2207072;2207073;2207060;2207074;2207061
77	달서구을	22	대구광역시	월성1동;월성2동;진천동;상인1동;상인2동;상인3동;도원동	2207062;2207063;2207064;2207065;2207066;2207067;2207068
78	달서구병	22	대구광역시	성당동;두류1·2동;두류3동;본리동;감삼동;송현1동;송현2동;본동	2207075;2207076;2207055;2207056;2207057;2207069;2207070;2207071
79	달성군	22	대구광역시	달성군 일원	22310
80	중구동구강화군옹진군	23	인천광역시	중구 일원;동구 일원;강화군 일원;옹진군 일원	23010;23020;23310;23320
81	남구갑	23	인천광역시	도화1동;도화2·3동;주안1동;주안2동;주안3동;주안4동;주안5동;주안6동;주안7동;주안8동	2303062;2303077;2303065;2303066;2303067;2303068;2303069;2303070;2303071;2303072
82	남구을	23	인천광역시	숭의1·3동;숭의2동;숭의4동;용현1·4동;용현2동;용현3동;용현5동;학익1동;학익2동;관교동;문학동	2303075;2303052;2303054;2303076;2303056;2303057;2303059;2303060;2303061;2303073;2303074
83	연수구갑	23	인천광역시	옥련2동;선학동;연수1동;연수2동;연수3동;청학동;동춘3동	2304060;2304052;2304053;2304054;2304055;2304056;2304059
84	연수구을	23	인천광역시	옥련1동;동춘1동;동춘2동;송도1동;송도2동;송도3동	2304051;2304057;2304058;2304062;2304063;2304062
85	남동구갑	23	인천광역시	구월1동;구월3동;구월4동;간석1동;간석4동;남촌도림동;논현1동;논현2동;논현고잔동	2305051;2305053;2305054;2305055;2305058;2305067;2305072;2305073;2305074
86	남동구을	23	인천광역시	구월2동;간석2동;간석3동;만수1동;만수2동;만수3동;만수4동;만수5동;만수6동;장수서창동	2305052;2305056;2305057;2305059;2305060;2305061;2305062;2305063;2305064;2305065
87	부평구갑	23	인천광역시	부평1동;부평2동;부평3동;부평4동;부평5동;부평6동;산곡3동;산곡4동;부개1동;일신동;십정1동;십정2동	2306051;2306052;2306053;2306054;2306055;2306056;2306059;2306060;2306066;2306069;2306070;2306071
88	부평구을	23	인천광역시	산곡1동;산곡2동;청천1동;청천2동;갈산1동;갈산2동;삼산1동;삼산2동;부개2동;부개3동	2306057;2306058;2306061;2306062;2306063;2306064;2306065;2306072;2306067;2306068
89	계양구갑	23	인천광역시	효성1동;효성2동;작전1동;작전2동;작전서운동	2307051;2307052;2307056;2307057;2307058
90	계양구을	23	인천광역시	계산1동;계산2동;계산3동;계산4동;계양1동;계양2동;계양3동	2307053;2307054;2307055;2307062;2307060;2307061;2307060
91	서구갑	23	인천광역시	청라1동;청라2동;가정1동;가정2동;가정3동;석남1동;석남2동;석남3동;신현원창동;가좌1동;가좌2동;가좌3동;가좌4동	2308074;2308075;2308054;2308055;2308056;2308058;2308059;2308060;2308073;2308062;2308063;2308064;2308065
92	서구을	23	인천광역시	검암경서동;연희동;검단1동;검단2동;검단3동;검단4동;검단5동	2308051;2308053;2308076;2308069;2308070;2308071;2308077
93	동구남구갑	24	광주광역시	남구 봉선1동;봉선2동;월산동;월산4동;월산5동;주월1동;주월2동;효덕동;송암동;대촌동	2403068;2403069;2403057;2403060;2403061;2403064;2403065;2403066;2403067;2403070
94	동구남구을	24	광주광역시	남구 양림동;방림1동;방림2동;사직동;백운1동;백운2동;동구 일원	2403051;2403052;2403053;2403054;2403062;2403063;24010
95	서구갑	24	광주광역시	양동;양3동;농성1동;농성2동;광천동;유덕동;치평동;상무1동;화정1동;화정2동;동천동	2402051;2402053;2402054;2402055;2402056;2402057;2402066;2402058;2402060;2402061;2402070
96	서구을	24	광주광역시	화정3동;화정4동;서창동;금호1동;금호2동;풍암동;상무2동	2402062;2402063;2402064;2402068;2402069;2402067;2402059
97	북구갑	24	광주광역시	중흥1동;중흥2동;중흥3동;중앙동;임동;신안동;우산동;풍향동;문화동;문흥1동;문흥2동;두암1동;두암2동;두암3동;오치1동;오치2동;석곡동	2404051;2404052;2404053;2404054;2404055;2404056;2404062;2404063;2404064;2404065;2404066;2404067;2404068;2404069;2404072;2404073;2404074
98	북구을	24	광주광역시	용봉동;운암1동;운암2동;운암3동;동림동;삼각동;일곡동;매곡동;건국동;양산동	2404057;2404058;2404059;2404060;2404061;2404070;2404078;2404071;2404079;2404080
99	광산구갑	24	광주광역시	송정1동;송정2동;도산동;신흥동;어룡동;우산동;월곡1동;월곡2동;운남동;동곡동;평동;삼도동;본량동	2405051;2405052;2405054;2405055;2405056;2405058;2405059;2405060;2405071;2405065;2405066;2405067;2405068
100	광산구을	24	광주광역시	비아동;첨단1동;첨단2동;신가동;신창동;수완동;하남동;임곡동	2405061;2405069;2405070;2405074;2405073;2405075;2405063;2405064
101	동구	25	대전광역시	동구 일원	25010
102	중구	25	대전광역시	중구 일원	25020
103	서구갑	25	대전광역시	복수동;도마1동;도마2동;정림동;변동;괴정동;가장동;내동;가수원동;관저1동;관저2동;기성동	2503051;2503052;2503053;2503054;2503055;2503061;2503062;2503063;2503070;2503072;2503073;2503071
104	서구을	25	대전광역시	용문동;탄방동;둔산1동;둔산2동;둔산3동;갈마1동;갈마2동;월평1동;월평2동;월평3동;만년동	2503056;2503057;2503059;2503060;2503074;2503064;2503065;2503066;2503067;2503068;2503069
105	유성구갑	25	대전광역시	진잠동;온천1동;온천2동;노은1동;원신흥동	2504051;2504064;2504054;2504059;2504065
106	유성구을	25	대전광역시	노은2동;노은3동;신성동;전민동;구즉동;관평동	2504060;2504060;2504055;2504057;2504061;2504063
107	대덕구	25	대전광역시	대덕구 일원	25050
108	중구	26	울산광역시	중구 일원	26010
109	남구갑	26	울산광역시	신정1동;신정2동;신정3동;신정4동;신정5동;삼호동;무거동;옥동	2602051;2602052;2602053;2602054;2602055;2602058;2602059;2602060
110	남구을	26	울산광역시	달동;삼산동;야음장생포동;대현동;수암동;선암동	2602056;2602057;2602061;2602062;2602063;2602064
111	동구	26	울산광역시	동구 일원	26030
112	북구	26	울산광역시	북구 일원	26040
113	울주군	26	울산광역시	울주군 일원	26310
114	세종특별자치시	29	세종특별자치시	세종시 일원	29010
115	수원시갑	31	경기도	파장동;정자1동;정자2동;정자3동;영화동;송죽동;조원1동;조원2동;연무동	3101154;3101156;3101157;3101162;3101158;3101159;3101160;3101163;3101161
116	수원시을	31	경기도	율천동;평동;서둔동;구운동;금곡동;호매실동;입북동	3101155;3101255;3101256;3101257;3101263;3101263;3101262
117	수원시병	31	경기도	수원시 팔달구 일원	31013
118	수원시정	31	경기도	매탄1동;매탄2동;매탄3동;매탄4동;원천동;영통1동;광교1동;광교2동	3101451;3101452;3101453;3101454;3101460;3101457;3101461;3101461
119	수원시무	31	경기도	세류1동;세류2동;세류3동;권선1동;권선2동;곡선동;영통2동;태장동	3101252;3101253;3101254;3101260;3101264;3101261;3101458;3101459
120	성남시수정구	31	경기도	성남시 수정구 일원	31021
121	성남시중원구	31	경기도	성남시 중원구 일원	31022
122	성남시분당구갑	31	경기도	서현1동;서현2동;이매1동;이매2동;야탑1동;야탑2동;야탑3동;판교동;삼평동;백현동;운중동	3102358;3102359;3102360;3102361;3102362;3102364;3102363;3102375;3102374;3102376;3102368
123	성남시분당구을	31	경기도	분당동;수내1동;수내2동;수내3동;정자동;정자1동;정자2동;정자3동;금곡동;구미1동;구미동	3102351;3102353;3102354;3102352;3102357;3102357;3102355;3102356;3102371;3102372;3102367
124	의정부시갑	31	경기도	의정부1동;의정부2동;의정부3동;호원1동;호원2동;가능1동;가능2동;가능3동;녹양동	3103051;3103052;3103053;3103055;3103065;3103061;3103062;3103063;3103064
125	의정부시을	31	경기도	장암동;신곡1동;신곡2동;송산1동;송산2동;자금동	3103056;3103057;3103058;3103059;3103066;3103060
126	안양시만안구	31	경기도	안양시 만안구 일원	31041
127	안양시동안구갑	31	경기도	비산1동;비산2동;비산3동;부흥동;달안동;관양1동;관양2동;부림동	3104251;3104252;3104253;3104254;3104255;3104256;3104257;3104258
128	안양시동안구을	31	경기도	평촌동;평안동;귀인동;호계1동;호계2동;호계3동;범계동;신촌동;갈산동	3104259;3104260;3104261;3104262;3104263;3104264;3104265;3104266;3104267
129	부천시원미구갑	31	경기도	심곡1동;심곡2동;심곡3동;원미1동;원미2동;소사동;역곡1동;역곡2동;춘의동;도당동	3105151;3105152;3105153;3105154;3105155;3105156;3105157;3105158;3105159;3105160
130	부천시원미구을	31	경기도	약대동;중동;중1동;중2동;중3동;중4동;상동;상1동;상2동;상3동	3105161;3105162;3105163;3105164;3105165;3105166;3105167;3105168;3105169;3105170
131	부천시소사구	31	경기도	부천시 소사구 일원	31052
132	부천시오정구	31	경기도	부천시 오정구 일원	31053
133	광명시갑	31	경기도	광명1동;광명2동;광명3동;광명4동;광명5동;광명6동;광명7동;철산1동;철산2동;철산4동	3106051;3106052;3106053;3106054;3106055;3106056;3106057;3106058;3106059;3106061
134	광명시을	31	경기도	철산3동;하안1동;하안2동;하안3동;하안4동;소하1동;소하2동;학온동	3106060;3106062;3106063;3106064;3106065;3106066;3106067;3106068
135	평택시갑	31	경기도	진위면;서탄면;중앙동;서정동;송탄동;지산동;송북동;신장1동;신장2동;통복동;세교동	3107031;3107032;3107051;3107052;3107053;3107055;3107056;3107057;3107058;3107061;3107064
136	평택시을	31	경기도	팽성읍;안중읍;고덕면;오성면;청북면;포승읍;현덕면;신평동;원평동;비전1동;비전2동	3107011;3107012;3107033;3107034;3107035;3107013;3107037;3107059;3107060;3107062;3107063
137	동두천시연천군	31	경기도	동두천시 일원;연천군 일원	31080;31350
138	안산시상록구갑	31	경기도	사1동;사2동;사3동;본오1동;본오2동;본오3동;반월동	3109152;3109153;3109175;3109154;3109155;3109156;3109171
139	안산시상록구을	31	경기도	일동;이동;부곡동;월피동;성포동;안산동	3109151;3109174;3109157;3109158;3109162;3109173
140	안산시단원구갑	31	경기도	와동;원곡본동;원곡1동;원곡2동;선부1동;선부2동;선부3동	3109259;3109263;3109264;3109265;3109268;3109269;3109270
141	안산시단원구을	31	경기도	고잔1동;고잔2동;호수동;초지동;대부동	3109260;3109261;3109273;3109266;3109272
142	고양시갑	31	경기도	주교동;원신동;흥도동;성사1동;성사2동;고양동;관산동;화정1동;화정2동;식사동	3110151;3110152;3110153;3110154;3110155;3110159;3110160;3110162;3110163;3110351
143	고양시을	31	경기도	효자동;신도동;창릉동;능곡동;행주동;행신1동;행신2동;행신3동;화전동;대덕동	3110156;3110157;3110158;3110161;3110164;3110165;3110166;3110169;3110167;3110168
144	고양시병	31	경기도	중산동;정발산동;풍산동;백석1동;백석2동;마두1동;마두2동;장항1동;장항2동;고봉동;일산2동	3110352;3110353;3110354;3110355;3110361;3110356;3110357;3110358;3110359;3110360;3110452
145	고양시정	31	경기도	일산1동;일산3동;탄현동;주엽1동;주엽2동;대화동;송포동;송산동	3110451;3110453;3110454;3110455;3110456;3110457;3110458;3110459
146	의왕시과천시	31	경기도	의왕시 일원;과천시 일원	31170;31110
147	구리시	31	경기도	구리시 일원	31120
148	남양주시갑	31	경기도	화도읍;수동면;호평동;평내동	3113013;3113034;3113051;3113052
149	남양주시을	31	경기도	진접읍;오남읍;별내면;별내동	3113012;3113015;3113031;3113057
150	남양주시병	31	경기도	와부읍;진건읍;조안면;퇴계원면;금곡동;양정동;지금동;도농동	3113011;3113014;3113035;3113032;3113053;3113054;3113055;3113056
151	오산시	31	경기도	오산시 일원	31140
152	시흥시갑	31	경기도	대야동;신천동;신현동;은행동;매화동;목감동;과림동;연성동;장곡동;능곡동	3115051;3115052;3115053;3115054;3115055;3115056;3115059;3115066;3115066;3115067
153	시흥시을	31	경기도	군자동;월곶동;정왕본동;정왕1동;정왕2동;정왕3동;정왕4동	3115057;3115057;3115064;3115065;3115061;3115062;3115063
154	군포시갑	31	경기도	군포1동;군포2동;산본1동;금정동;대야동	3116051;3116052;3116054;3116056;3116062
155	군포시을	31	경기도	산본2동;재궁동;오금동;수리동;궁내동;광정동	3116055;3116057;3116058;3116059;3116060;3116061
156	하남시	31	경기도	하남시 일원	31180
157	용인시갑	31	경기도	포곡읍;모현면;남사면;이동면;원삼면;백암면;양지면;중앙동;역삼동;유림동;동부동	3119111;3119131;3119132;3119133;3119134;3119135;3119136;3119151;3119152;3119153;3119154
158	용인시을	31	경기도	신갈동;영덕동;구갈동;상갈동;기흥동;서농동;상하동	3119261;3119262;3119252;3119253;3119254;3119255;3119260
159	용인시병	31	경기도	풍덕천1동;풍덕천2동;신봉동;동천동;상현1동;상현2동;성복동	3119351;3119352;3119353;3119356;3119357;3119358;3119359
160	용인시정	31	경기도	구성동;마북동;동백동;보정동;죽전1동;죽전2동	3119256;3119257;3119258;3119259;3119354;3119355
161	파주시갑	31	경기도	조리읍;광탄면;탄현면;교하동;운정1동;운정2동;운정3동	3120015;3120035;3120032;3120055;3120056;3120057;3120058
162	파주시을	31	경기도	문산읍;법원읍;파주읍;월롱면;적성면;파평면;군내면;진동면;금촌1동;금촌2동;금촌3동	3120011;3120013;3120012;3120031;3120037;3120036;3120038;3120026;3120021;3120053;3120052;3120054
163	이천시	31	경기도	이천시 일원	31210
164	안성시	31	경기도	안성시 일원	31220
165	김포시갑	31	경기도	고촌읍;김포1동;사우동;풍무동;장기동	3123012;3123051;3123053;3123054;3123056
166	김포시을	31	경기도	통진읍;양촌읍;대곶면;월곶면;하성면;김포2동;구래동;운양동	3123011;3123013;3123034;3123035;3123036;3123057;3123058;3123057
167	화성시갑	31	경기도	우정읍;향남읍;남양읍;매송면;비봉면;마도면;송산면;서신면;팔탄면;장안면;양감면;정남면	3124013;3124014;3124051;3124031;3124033;3124035;3124036;3124037;3124038;3124039;3124042;3124043
168	화성시을	31	경기도	동탄면;동탄1동;동탄2동;동탄3동;동탄4동	3124044;3124061;3124060;3124062;3124044
169	화성시병	31	경기도	봉담읍;진안동;병점1동;병점2동;반월동;기배동;화산동	3124012;3124052;3124053;3124054;3124055;3124056;3124057
170	광주시갑	31	경기도	퇴촌면;남종면;남한산성면;경안동;송정동;광남동	3125035;3125036;3125037;3125051;3125052;3125053
171	광주시을	31	경기도	오포읍;초월읍;곤지암읍;도척면	3125011;3125012;3125014;3125034
172	양주시	31	경기도	양주시 일원	31260
173	포천시가평군	31	경기도	포천시 일원;가평군 일원	31270;31370
174	여주시양평군	31	경기도	여주시 일원;양평군 일원	31280;31380
175	춘천시	32	강원도	춘천시 일원	32010
176	원주시갑	32	강원도	문막읍;호저면;지정면;부론면;귀래면;중앙동;원인동;일산동;학성동;단계동;우산동;태장1동;태장2동;무실동	3202011;3202032;3202033;3202034;3202035;3202051;3202052;3202057;3202058;3202060;3202061;3202062;3202063;3202067
177	원주시을	32	강원도	소초면;흥업면;판부면;신림면;개운동;명륜1동;명륜2동;단구동;봉산동;행구동;반곡관설동	3202031;3202036;3202037;3202038;3202053;3202054;3202055;3202056;3202064;3202066;3202068
178	강릉시	32	강원도	강릉시 일원	32030
179	동해시삼척시	32	강원도	동해시 일원;삼척시 일원	32040;32070
180	태백시횡성군영월군평창군정선군	32	강원도	태백시 일원;횡성군 일원;영월군 일원;평창군 일원;정선군 일원	32050;32320;32330;32340;32350
181	속초시고성군양양군	32	강원도	속초시 일원;고성군 일원;양양군 일원	32060;32400;32410
182	홍천군철원군화천군양구군인제군	32	강원도	홍천군 일원;철원군 일원;화천군 일원;양구군 일원;인제군 일원	32310;32360;32370;32380;32390
183	청주시상당구	33	충청북도	낭성면;미원면;가덕면;남일면;문의면;중앙동;성안동;탑·대성동;영운동;금천동;용담·명암·산성동;용암제1동;용암제2동	3331031;3331032;3331033;3331034;3331036;3301151;3301152;3301162;3301163;3301164;3301165;3301166;3301168
184	청주시서원구	33	충청북도	남이면;현도면;사직1동;사직2동;사창동;모충동;산남동;분평동;수곡1동;수곡2동;성화·개신·죽림동	3331035;3331037;3301251;3301252;3301253;3301254;3301267;3301268;3301257;3301258;3301259
185	청주시흥덕구	33	충청북도	오송읍;강내면;옥산면;운천·신봉동;복대제1동;복대제2동;가경동;봉명제1동;봉명제2·송정동;강서제1동;강서제2동	3331013;3331039;3331041;3301255;3301260;3301261;3301262;3301263;3301264;3301265;3301266
186	청주시청원구	33	충청북도	내수읍;오창읍;북이면;우암동;내덕제1동;내덕제2동;율량·사천동;오근장동	3331011;3331012;3331043;3301158;3301159;3301160;3301161;3301167
187	충주시	33	충청북도	충주시 일원	33020
188	제천시단양군	33	충청북도	제천시 일원;단양군 일원	33030;33380
189	보은군옥천군영동군괴산군	33	충청북도	보은군 일원;옥천군 일원;영동군 일원;괴산군 일원	33320;33330;33340;33360
190	증평군진천군음성군	33	충청북도	증평군 일원;진천군 일원;음성군 일원	33390;33350;33370
191	천안시갑	34	충청남도	목천읍;북면;성남면;수신면;병천면;동면;중앙동;문성동;원성1동;원성2동;봉명동;일봉동;신안동;성정1동;성정2동	3401111;3401133;3401134;3401135;3401136;3401137;3401151;3401152;3401153;3401154;3401155;3401156;3401159;3401251;3401252
192	천안시을	34	충청남도	성환읍;성거읍;직산읍;입장면;백석동;불당동;부성1동;부성2동	3401211;3401212;3401213;3401231;3401258;3401259;3401260;3401261
193	천안시병	34	충청남도	풍세면;광덕면;신방동;청룡동;쌍용1동;쌍용2동;쌍용3동	3401131;3401132;3401157;3401158;3401253;3401254;3401255
194	공주시부여군청양군	34	충청남도	공주시 일원;부여군 일원;청양군 일원	34020;34330;34350
195	보령시서천군	34	충청남도	보령시 일원;서천군 일원	34030;34340
196	아산시갑	34	충청남도	선장면;도고면;신창면;온양1동;온양2동;온양3동;온양4동;온양5동;온양6동	3404038;3404039;3404040;3404051;3404052;3404053;3404054;3404055;3404056
197	아산시을	34	충청남도	염치읍;배방읍;송악면;탕정면;음봉면;둔포면;영인면;인주면	3404011;3404012;3404031;3404033;3404034;3404035;3404036;3404037
198	서산시태안군	34	충청남도	서산시 일원;태안군 일원	34050;34380
199	논산시계룡시금산군	34	충청남도	논산시 일원;계룡시 일원;금산군 일원	34060;34070;34310
200	당진시	34	충청남도	당진시 일원	34080
201	홍성군예산군	34	충청남도	홍성군 일원;예산군 일원	34360;34370
202	전주시갑	35	전라북도	중앙동;풍남동;노송동;완산동;동서학동;서서학동;중화산1동;중화산2동;평화1동;평화2동;인후3동	3501174;3501175;3501176;3501177;3501160;3501161;3501162;3501163;3501164;3501165;3501256
203	전주시을	35	전라북도	서신동;삼천1동;삼천2동;삼천3동;효자1동;효자2동;효자3동;효자4동	3501166;3501167;3501168;3501169;3501170;3501171;3501172;3501173
204	전주시병	35	전라북도	진북동;인후1동;인후2동;덕진동;금암1동;금암2동;팔복동;우아1동;우아2동;호성동;송천1동;송천2동;조촌동;동산동	3501269;3501254;3501255;3501257;3501258;3501259;3501260;3501261;3501262;3501263;3501265;3501266;3501267;3501268
205	군산시	35	전라북도	군산시 일원	35020
206	익산시갑	35	전라북도	함열읍;오산면;황등면;함라면;웅포면;성당면;용안면;용동면;중앙동;평화동;남중동;모현동;송학동;신동;인화동;마동	3503011;3503031;3503032;3503033;3503034;3503035;3503036;3503044;3503051;3503053;3503059;3503061;3503062;3503065;3503055;3503058
207	익산시을	35	전라북도	낭산면;망성면;여산면;금마면;왕궁면;춘포면;삼기면;동산동;영등1동;영등2동;어양동;팔봉동;삼성동	3503037;3503038;3503039;3503040;3503041;3503042;3503043;3503057;3503066;3503071;3503072;3503069;3503070
208	정읍시고창군	35	전라북도	정읍시 일원;고창군 일원	35040;35370
209	남원시임실군순창군	35	전라북도	남원시 일원;임실군 일원;순창군 일원	35050;35350;35360
210	김제시부안군	35	전라북도	김제시 일원;부안군 일원	35060;35380
211	완주군진안군무주군장수군	35	전라북도	완주군 일원;진안군 일원;무주군 일원;장수군 일원	35310;35320;35330;35340
212	목포시	36	전라남도	목포시 일원	36010
213	여수시갑	36	전라남도	돌산읍;남면;삼산면;동문동;한려동;중앙동;충무동;광림동;서강동;대교동;국동;월호동;여서동;문수동;미평동;만덕동	3602011;3602034;3602036;3602051;3602052;3602053;3602054;3602055;3602056;3602057;3602058;3602059;3602060;3602061;3602062;3602064
214	여수시을	36	전라남도	소라면;율촌면;화양면;화정면;둔덕동;쌍봉동;시전동;여천동;주삼동;삼일동;묘도동	3602031;3602032;3602033;3602035;3602063;3602065;3602066;3602067;3602068;3602069;3602070
215	순천시	36	전라남도	순천시 일원	36030
216	나주시화순군	36	전라남도	나주시 일원;화순군 일원	36040;36370
217	광양시곡성군구례군	36	전라남도	광양시 일원;곡성군 일원;구례군 일원	36060;36320;36330
218	담양군함평군영광군장성군	36	전라남도	담양군 일원;함평군 일원;영광군 일원;장성군 일원	36310;36430;36440;36450
219	고흥군보성군장흥군강진군	36	전라남도	고흥군 일원;보성군 일원;장흥군 일원;강진군 일원	36350;36360;36380;36390
220	해남군완도군진도군	36	전라남도	해남군 일원;완도군 일원;진도군 일원	36400;36460;36470
221	영암군무안군신안군	36	전라남도	영암군 일원;무안군 일원;신안군 일원	36410;36420;36480
222	포항시북구	37	경상북도	포항시 북구 일원	37012
223	포항시남구울릉군	37	경상북도	포항시 남구 일원;울릉군 일원	37011;37430
224	경주시	37	경상북도	경주시 일원	37020
225	김천시	37	경상북도	김천시 일원	37030
226	안동시	37	경상북도	안동시 일원	37040
227	구미시갑	37	경상북도	송정동;원평1동;원평2동;지산동;도량동;선주원남동;형곡1동;형곡2동;공단1동;공단2동;광평동;상모사곡동;임오동;신평1동;신평2동;비산동	3705051;3705052;3705053;3705056;3705055;3705057;3705059;3705060;3705064;3705065;3705066;3705067;3705069;3705061;3705062;3705063
228	구미시을	37	경상북도	선산읍;고아읍;무을면;옥성면;도개면;해평면;산동면;장천면;인동동;진미동;양포동	3705011;3705012;3705031;3705032;3705033;3705034;3705035;3705036;3705070;3705071;3705072
229	영주시문경시예천군	37	경상북도	영주시 일원;문경시 일원;예천군 일원	37060;37090;37400
230	영천시청도군	37	경상북도	영천시 일원;청도군 일원	37070;37360
231	상주시군위군의성군청송군	37	경상북도	상주시 일원;군위군 일원;의성군 일원;청송군 일원	37080;37310;37320;37330
232	경산시	37	경상북도	경산시 일원	37100
233	영양군영덕군봉화군울진군	37	경상북도	영양군 일원;영덕군 일원;봉화군 일원;울진군 일원	37340;37350;37410;37420
234	고령군성주군칠곡군	37	경상북도	고령군 일원;성주군 일원;칠곡군 일원	37370;37380;37390
235	창원시의창구	38	경상남도	창원시 의창구 일원	38111
236	창원시성산구	38	경상남도	창원시 성산구 일원	38112
237	창원시마산합포구	38	경상남도	창원시 마산합포구 일원	38113
238	창원시마산회원구	38	경상남도	창원시 마산회원구 일원	38114
239	창원시진해구	38	경상남도	창원시 진해구 일원	38115
240	진주시갑	38	경상남도	문산읍;내동면;정촌면;금곡면;명석면;대평면;수곡면;천전동;성북동;평거동;신안동;이현동;판문동;가호동;충무공동	3803011;3803031;3803032;3803033;3803043;3803044;3803045;3803072;3803073;3803067;3803068;3803069;3803070;3803071;3803076
241	진주시을	38	경상남도	진성면;일반성면;이반성면;사봉면;지수면;대곡면;금산면;집현면;미천면;중앙동;상봉동;상대1동;상대2동;하대1동;하대2동;상평동;초장동	3803034;3803035;3803036;3803037;3803038;3803039;3803040;3803041;3803042;3803074;3803075;3803061;3803062;3803063;3803064;3803065;3803066
242	통영시고성군	38	경상남도	통영시 일원;고성군 일원	38050;38340
243	사천시남해군하동군	38	경상남도	사천시 일원;남해군 일원;하동군 일원	38060;38350;38360
244	김해시갑	38	경상남도	진영읍;한림면;생림면;상동면;대동면;동상동;회현동;부원동;북부동;활천동;삼안동;불암동	3807011;3807034;3807035;3807036;3807037;3807051;3807052;3807053;3807055;3807058;3807059;3807060
245	김해시을	38	경상남도	주촌면;진례면;내외동;칠산서부동;장유1동;장유2동;장유3동	3807032;3807033;3807054;3807056;3807061;3807062;3807063
246	밀양시의령군함안군창녕군	38	경상남도	밀양시 일원;의령군 일원;함안군 일원;창녕군 일원	38080;38310;38320;38330
247	거제시	38	경상남도	거제시 일원	38090
248	양산시갑	38	경상남도	물금읍;원동면;상북면;하북면;중앙동;삼성동;강서동	3810012;3810032;3810033;3810034;3810058;3810052;3810053
249	양산시을	38	경상남도	동면;양주동;서창동;소주동;평산동;덕계동	3810031;3810059;3810054;3810055;3810056;3810057
250	산청군함양군거창군합천군	38	경상남도	산청군 일원;함양군 일원;거창군 일원;합천군 일원	38370;38380;38390;38400
251	제주시갑	39	제주특별자치도	한림읍;애월읍;한경면;추자면;삼도1동;삼도2동;용담1동;용담2동;오라동;연동;노형동;외도동;이호동;도두동	3901011;3901012;3901031;3901032;3901055;3901056;3901057;3901058;3901064;3901065;3901066;3901067;3901068;3901069
252	제주시을	39	제주특별자치도	구좌읍;조천읍;우도면;일도1동;일도2동;이도1동;이도2동;건입동;화북동;삼양동;봉개동;아라동	3901013;3901014;3901033;3901051;3901052;3901053;3901054;3901059;3901060;3901061;3901062;3901063
253	서귀포시	39	제주특별자치도	서귀포시 일원	39020
